Template,Example
You will look at (RELATED TO NICHE) differently by the end of this video,You will look at personal trainers differently by the end of this video
Stop feeling sorry for yourself because (PAIN POINT OF TARGET AUDIENCE) instead try these (NUMBER) (TIPS/TRICKS/HACKS) to get (DESIRED RESULT),Stop feeling sorry for yourself because you’re not gaining muscle instead try these 7 hacks to get 15 pounds of muscle in 3 months
(RELATED TO NICHE) are dead,Agencies & SMMA’s are dead
This hack will save you hours if you (RELATED TO NICHE),This hack will save you hours if you create content
"Are you tired of (PAIN POINT OF TARGET AUDIENCE), then try this","Are you tired of paying for ads and seeing little results, then try this"
These X (HACK/TIP/TRICK) feel illegal to know,These 3 productivity hacks feel illegal to know
This simple trick helped me to (ACHIVEVE DESIRED OUTCOME) and it can help you too,This simple trick helped me to quit my 9-5 forver and it can help you too
This (RELATED TO NICHE) is the most dangerous (RELATED TO NICHE) of (PLACE),This neighborhood is the most dangerous area of the US
Everything you know about (RELATED TO NICHE) is 100% wrong,Everything you know about eating healthy is 100% wrong
(TARGET AUDIENCE) fail to achieve (DESIRED OUTCOME) for one of 3 reasons,Youtubers fail to achieve 1000 subscribers for one of 3 reasons
This is how I achieved (DESIRED RESULT),This is how I achieved 10k followers in 30 days
This is why your (ACTION) isn’t working,This is why your TikTok strategy isn’t working
"Everything you knew about (SUBJECT) is WRONG! ","Everything you knew about the Titanic is wrong! "
Here is a (RELATED TO NICHE) secret you need to know,Here is a marketing secret you need to know
You need this free tool if (DESIRED RESULT),You need this free tool if you want to increase your close percentage
Did you know that (FACT),Did you know that honey never spoils?
The (NUMBER) secrets to (DESIRED RESULT),"The two secrets to uploading the highest quality Instagram reels. "
This one mistake could be costing you (NUMBER),"This one mistake could be costing you a million dollars, "
Steal my secret strategy on (DESIRED RESULT),Steal my strategy on how I lost 30 pounds
"The craziest thing just happened at (PLACE), you will never believe it",The craziest thing just happened at the amusement park; you will never believe it!
Exposing my secret to (DESIRED RESULT),Exposing my secret to recording a months worth of content in 1 day
"Stop scrolling, you want to see this if you want (DESIRED RESULT) ","Stop scrolling, you want to see this if you want your posts to go viral"
Imagine if you could (DESIRED RESULT),"Imagine if you could earn $10,000 a month from the comfort of your own home"
Let’s figure out why (PAIN POINT TO TARGET AUDIENCE),Let's figure out why entrepreneurs struggle with time management.
This is the easiest tip to follow if you want (DESIRED RESULT),This is the easiest tip to follow if you want to save $1000 next month
Why is nobody talking about this (TOOL) to get (DESIRED RESULT),Why is nobody talking about this editing software to create high-quality content
"I’ve always been (PAIN POINT), but…","I've always been risk-averse, but here's how I overcame it‍"
(NUMBER) things about (NICHE) I wish I knew earlier,3 things about dropshipping I wish i knew earlier
How to get (DESIRED RESULT) step-by-step,How to get 1 million followers step-by-step
Why 99% of (TARGET AUDIENCE) won’t (RELATED TO NICHE),"Why 99% of marketers won’t make content consistently "
(NUMBER) useful (TOOL) every (TARGET AUDIENCE) must know about,5 useful AI tools every marketer must know about
(TARGET AUDIENCE) will never (DESIRED RESULT),Millennials will never retire
The dark secret behind (RELATED TO NICHE),The dark secret behind marketing firms
Stop doing (PAIN POINT OF TARGET AUDIENCE) right now! Instead (DESIRED RESULT),Stop doing these unhealthy habits right now! Instead…
Ever ask yourself why (PAIN POINT),"Ever ask yourself why some investors consistently outperform the market, while others struggle to make gains?"
This will change the way you use (RELATED TO NICHE),This will change the way you use TikTok
"I tried every (HACK/TIP/TRICK), so you don’t have to","I tried every productivity hack, so you don't have to"
What if you could achieve (DESIRED RESULT) without (PAIN POINT OF TARGET AUDIENCE),What if you could get fit without giving up your favorite foods or spending hours at the gym?
Why is nobody talking about this game-changing (RELATED TO NICHE) strategy,Why is nobody talking about this game-changing sales strategy
X steps to (DESIRED RESULT),5 Steps to Boost Your Website's Traffic
Other (RELATED TO NICHE) are lying to you!,Other content creators are lying to you!
Watch this if (PAIN POINT OF TARGET AUDIENCE),Watch this if your social media isn’t growing
(NUMBER) things that feel illegal to know,3 Websites that feel illegal to know
What happens when we (DESIRED RESULT),What happens when we achieve financial freedom?
(TARGET AUDIENCE) will never admit these “secrets”,Influencers will never admit these secrets
No one has told you this yet but (RELATED TO NICHE) are dead,No one has told you this yet but hashtags are dead
This simple mistake could be costing you ($),"This simple mistake could be costing you ($8,000)"
How to get (DESIRED RESULT) in (TIME),How to get 100k followers in 2 Months
Here are 5 signs why (PAIN POINT OF TARGET AUDIENCE),Here are 5 signs why you’re following isn’t growing
(HACK/TIP/TRICK) I wish I knew earlier,The networking tip I wish I knew earlier
How I went from (PAST SITUATION) to (DESIRED RESULT) in just (TIME) years,"How I went from $500 to 500 million in just five years. "
Why doesn’t anyone talk about (RELATED TO NICHE),Why doesn’t anyone talk about the potential of AI in the financial industry?
"Don’t hate me, but (HARD TRUTH)","Don't hate me, but here's the hard truth about success"
"Here’s how I (DESIRED RESULT), (AGAINST COMMON BELEIF)","Here's how I started my own business, while being broke"
The biggest secret about (DESIRED RESULT) no one has told you,The biggest secret about starting your own business nobody has told you
What if your (DESIRED RESULTS) were just one step away,What if your (DESIRED RESULTS) were just one step away?
If you are a (TARGET AUDIENCE) and you are not (ACTIVITY) then try this,If you are a weightlifter and you are not eating the proper nutrition then try this
Fun fact: (FACT),Fun fact: The Eiffel Tower can be 15 cm taller during the summer due to thermal expansion
This is why your (ACTION) isn’t working,This is why your marketing strategy isn't working
"Is it just me, or (ACTION)","Is it just me or, you ever find yourself dreaming of financial freedom?"
This is the only thing you need to know about (RELATED TO NICHE),This is the only thing you need to know about investing
All (TARGET AUDIENCE) that have achieved (DESIRED RESULT) have this one thing in common,All entrepreneurs that have achieved financial freedom have this one thing in common
"Struggling with (PAIN POINT OF TARGET AUDIENCE), here’s a secret tip I wish I knew earlier","Struggling with creating high-quality videos, here’s a secret tip I wish I knew earlier"
Here are 3 quick ways to get (DESIRED RESULT),Here are 3 quick ways to get more subscribers on YouTube.
What if I told you there's a simple way to (DESIRED RESULT),"What if I told you there's a simple way to earn $1,000 a month with this app?"
If you can’t (PAIN POINT OF TARGET AUDIENCE) then try these [NUMBER] [TIPS/TRICKS/HACKS],If you can’t get clients for your business then try these 5 tips
Here’s how we (DESIRED RESULT),Here's how we boosted our website traffic in just 30 days.
This (PAIN POINT TO TARGET AUDIENCE) could kill you in 5 seconds,This financial mistake could kill your retirement plans in 5 seconds
Stop (ACTIVITY) if you want to (DESIRED RESULT) instead try this.,Stop doing bicep curls if you want to huge arms instead try this.
Mistakes I made when (TARGET AUDIENCE),Mistakes I made when starting my business‍
My biggest regret as an (TARGET AUDIENCE) was not discovering this technique sooner,My biggest regret as an financial planner was not discovering this technique sooner
Here’s (NUMBER) underestimated (HACK/TIP/TRICK) to (DESIRED RESULT),Here’s 3 underestimated hacks to lose weight fast
Stop doing (RELATED TO NICHE) if you want to do (DESIRED RESULT),Stop doing cold outreach if you want to scale past $5k/mo
If you are struggling with (PAIN POINT OF TARGET AUDIENCE) then try this,If you are struggling with (PAIN POINT OF TARGET AUDIENCE) then try this
X (RELATED TO NICHE) that (DESIRED RESULT),3 Social Media Strategies that Drive Engagement and Growth
5 mistakes you’re probably doing if you’re not getting (DESIRE RESULT),5 mistakes you’re probably doing if you’re not getting sales through your content
If I had to start all over again…,If I had to start all over again in real estate investing…
Here’s how I achieved (DESIRED RESULT) in (TIME),Here’s how I achieved gaining 15 pounds of muscle in 90 days